#import organization
INSERT INTO `dir_organization` (`id`, `name`, `description`, `parentId`, `dateCreated`, `dateModified`, `createdBy`, `modifiedBy`, `deleted`) VALUES ('NAKER', 'Kementerian Tenaga Kerja', '', NULL, '2016-09-27 14:59:16', '2016-09-27 14:59:16', 'admin', 'admin', NULL);

#import group
INSERT INTO `dir_group` (`id`, `name`, `description`, `organizationId`, `dateCreated`, `dateModified`, `createdBy`, `modifiedBy`, `deleted`) VALUES ('gp_booth', 'Group Petugas Booth', '', 'NAKER', '2016-09-29 03:32:54', '2016-09-29 03:32:54', 'admin', 'admin', NULL);

#import user
INSERT INTO `dir_user` (`id`, `username`, `password`, `firstName`, `lastName`, `email`, `active`, `timeZone`, `locale`, `dateCreated`, `dateModified`, `createdBy`, `modifiedBy`, `deleted`) VALUES ('01barenbang@smarta.id', '01barenbang@smarta.id', '5AF81861DE6CE80A3BD4498597535495', '01barenbang', '-', '01barenbang@smarta.id', 1, '7', '', NULL, NULL, NULL, NULL, NULL);
INSERT INTO `dir_user` (`id`, `username`, `password`, `firstName`, `lastName`, `email`, `active`, `timeZone`, `locale`, `dateCreated`, `dateModified`, `createdBy`, `modifiedBy`, `deleted`) VALUES ('01binalattas@smarta.id', '01binalattas@smarta.id', '98976FD5740167CF912F5B98E2D6271C', '01binalattas', '-', '01binalattas@smarta.id', 1, '7', '', NULL, NULL, NULL, NULL, NULL);
INSERT INTO `dir_user` (`id`, `username`, `password`, `firstName`, `lastName`, `email`, `active`, `timeZone`, `locale`, `dateCreated`, `dateModified`, `createdBy`, `modifiedBy`, `deleted`) VALUES ('01booth@smarta.id', '01booth@smarta.id', '4D0CA861C3ED687D850885473BD8821B', '01booth', '-', '01booth@smarta.id', 1, '7', '', NULL, '2016-10-03 09:44:08', NULL, 'admin', NULL);
INSERT INTO `dir_user` (`id`, `username`, `password`, `firstName`, `lastName`, `email`, `active`, `timeZone`, `locale`, `dateCreated`, `dateModified`, `createdBy`, `modifiedBy`, `deleted`) VALUES ('02barenbang@smarta.id', '02barenbang@smarta.id', '6C419016A2F9A79511DCE781F6D96E43', '02barenbang', '-', '02barenbang@smarta.id', 1, '7', '', NULL, NULL, NULL, NULL, NULL);
INSERT INTO `dir_user` (`id`, `username`, `password`, `firstName`, `lastName`, `email`, `active`, `timeZone`, `locale`, `dateCreated`, `dateModified`, `createdBy`, `modifiedBy`, `deleted`) VALUES ('02booth@smarta.id', '02booth@smarta.id', '9F628C688269AE91D35CA652775697B8', '02booth', '-', '02booth@smarta.id', 1, '7', '', NULL, '2016-10-03 09:44:08', NULL, 'admin', NULL);
INSERT INTO `dir_user` (`id`, `username`, `password`, `firstName`, `lastName`, `email`, `active`, `timeZone`, `locale`, `dateCreated`, `dateModified`, `createdBy`, `modifiedBy`, `deleted`) VALUES ('03barenbang@smarta.id', '03barenbang@smarta.id', '865E8A58FBC5FD5894988563B7C94AC3', '03barenbang', '-', '03barenbang@smarta.id', 1, '7', '', NULL, NULL, NULL, NULL, NULL);
INSERT INTO `dir_user` (`id`, `username`, `password`, `firstName`, `lastName`, `email`, `active`, `timeZone`, `locale`, `dateCreated`, `dateModified`, `createdBy`, `modifiedBy`, `deleted`) VALUES ('04barenbang@smarta.id', '04barenbang@smarta.id', '4700A7B92463E909A39FB01505D13BA0', '04barenbang', '-', '04barenbang@smarta.id', 1, '7', '', NULL, NULL, NULL, NULL, NULL);
INSERT INTO `dir_user` (`id`, `username`, `password`, `firstName`, `lastName`, `email`, `active`, `timeZone`, `locale`, `dateCreated`, `dateModified`, `createdBy`, `modifiedBy`, `deleted`) VALUES ('05barenbang@smarta.id', '05barenbang@smarta.id', '9A34DB03A25C8C599A801A0F6CBD5DD1', '03barenbang', '-', '05barenbang@smarta.id', 1, '7', '', NULL, NULL, NULL, NULL, NULL);
INSERT INTO `dir_user` (`id`, `username`, `password`, `firstName`, `lastName`, `email`, `active`, `timeZone`, `locale`, `dateCreated`, `dateModified`, `createdBy`, `modifiedBy`, `deleted`) VALUES ('06barenbang@smarta.id', '06barenbang@smarta.id', '68FBBA8A9C0B3B6520B2AC7A3520F6D8', '06barenbang', '-', '06barenbang@smarta.id', 1, '7', '', NULL, NULL, NULL, NULL, NULL);
INSERT INTO `dir_user` (`id`, `username`, `password`, `firstName`, `lastName`, `email`, `active`, `timeZone`, `locale`, `dateCreated`, `dateModified`, `createdBy`, `modifiedBy`, `deleted`) VALUES ('07barenbang@smarta.id', '07barenbang@smarta.id', '544A7A08301B0F86E18313EFC66BA240', '07barenbang', '-', '07barenbang@smarta.id', 1, '7', '', NULL, NULL, NULL, NULL, NULL);
INSERT INTO `dir_user` (`id`, `username`, `password`, `firstName`, `lastName`, `email`, `active`, `timeZone`, `locale`, `dateCreated`, `dateModified`, `createdBy`, `modifiedBy`, `deleted`) VALUES ('08barenbang@smarta.id', '08barenbang@smarta.id', '5B27BB80185A43E4D870CCC55BCE6ED9', '08barenbang', '-', '08barenbang@smarta.id', 1, '7', '', NULL, NULL, NULL, NULL, NULL);

#import user_salt
INSERT INTO `dir_user_salt` (`id`, `userId`, `randomSalt`, `dateCreated`, `dateModified`, `createdBy`, `modifiedBy`, `deleted`) VALUES ('8660dcbf-e239-4448-8608-c5c20154d850', '01barenbang@smarta.id', '951381BC418C9B65D963FAD36E6EDCAD', NULL, NULL, NULL, NULL, NULL);
INSERT INTO `dir_user_salt` (`id`, `userId`, `randomSalt`, `dateCreated`, `dateModified`, `createdBy`, `modifiedBy`, `deleted`) VALUES ('47725e04-b475-4906-831a-8cc5d9555abf', '01binalattas@smarta.id', 'CC6869115ECC6A3D4393792BDF3523D0', NULL, NULL, NULL, NULL, NULL);
INSERT INTO `dir_user_salt` (`id`, `userId`, `randomSalt`, `dateCreated`, `dateModified`, `createdBy`, `modifiedBy`, `deleted`) VALUES ('eea440cb-b8f0-4eaf-8f19-a926ef6d31e7', '01booth@smarta.id', 'C45B7949794ED0EBE5B4A054667EF22B', NULL, NULL, NULL, NULL, NULL);
INSERT INTO `dir_user_salt` (`id`, `userId`, `randomSalt`, `dateCreated`, `dateModified`, `createdBy`, `modifiedBy`, `deleted`) VALUES ('213f76c9-789a-4b6e-91fc-9c496e6be980', '02barenbang@smarta.id', 'EE4691384DE231EA549B5B20DB519026', NULL, NULL, NULL, NULL, NULL);
INSERT INTO `dir_user_salt` (`id`, `userId`, `randomSalt`, `dateCreated`, `dateModified`, `createdBy`, `modifiedBy`, `deleted`) VALUES ('4cb4c4a6-9469-4b42-bcd7-76014ad6f0f7', '02booth@smarta.id', '4B9C5B3B3CC91DC83E9C858F240D23EF', NULL, NULL, NULL, NULL, NULL);
INSERT INTO `dir_user_salt` (`id`, `userId`, `randomSalt`, `dateCreated`, `dateModified`, `createdBy`, `modifiedBy`, `deleted`) VALUES ('89de76ea-5b1f-4a52-991a-54493fd61ecc', '03barenbang@smarta.id', 'E3394F1FC1D05BEC0CA7788ECFB89720', NULL, NULL, NULL, NULL, NULL);
INSERT INTO `dir_user_salt` (`id`, `userId`, `randomSalt`, `dateCreated`, `dateModified`, `createdBy`, `modifiedBy`, `deleted`) VALUES ('0b6c2823-c4ba-4955-b2d7-381ca084f9de', '04barenbang@smarta.id', 'A897B8AAFB447CE0A4BD5A60969741F7', NULL, NULL, NULL, NULL, NULL);
INSERT INTO `dir_user_salt` (`id`, `userId`, `randomSalt`, `dateCreated`, `dateModified`, `createdBy`, `modifiedBy`, `deleted`) VALUES ('61d85b82-6848-422e-bfe4-5ef037fe70e9', '05barenbang@smarta.id', 'FEF79EFBFC03905B0FF604762A9281C1', NULL, NULL, NULL, NULL, NULL);
INSERT INTO `dir_user_salt` (`id`, `userId`, `randomSalt`, `dateCreated`, `dateModified`, `createdBy`, `modifiedBy`, `deleted`) VALUES ('17244add-271a-4d99-9e7b-b82ae592a06c', '06barenbang@smarta.id', '6EA40AB6363E3086E67362831399C65D', NULL, NULL, NULL, NULL, NULL);
INSERT INTO `dir_user_salt` (`id`, `userId`, `randomSalt`, `dateCreated`, `dateModified`, `createdBy`, `modifiedBy`, `deleted`) VALUES ('dbb27c24-d5e3-47d7-ba9f-a2f6d7a9f0e5', '07barenbang@smarta.id', 'C258153BC4F2ED5CBC58D34F6A85EDD5', NULL, NULL, NULL, NULL, NULL);
INSERT INTO `dir_user_salt` (`id`, `userId`, `randomSalt`, `dateCreated`, `dateModified`, `createdBy`, `modifiedBy`, `deleted`) VALUES ('cb05889e-713b-4689-a9db-dc45c437df7e', '08barenbang@smarta.id', '162A71892C970727680C5E8A9351055A', NULL, NULL, NULL, NULL, NULL);

#import department
INSERT INTO `dir_department` (`id`, `name`, `description`, `organizationId`, `hod`, `parentId`, `dateCreated`, `dateModified`, `createdBy`, `modifiedBy`, `deleted`) VALUES ('barenbang', 'Badan Perencanaan dan Pengembangan Ketenagakerjaan', '', 'NAKER', NULL, NULL, '2016-09-29 03:36:39', '2016-10-03 09:48:25', 'admin', 'admin', NULL);
INSERT INTO `dir_department` (`id`, `name`, `description`, `organizationId`, `hod`, `parentId`, `dateCreated`, `dateModified`, `createdBy`, `modifiedBy`, `deleted`) VALUES ('binalattas', 'Ditjen. Pembinaan Pelatihan dan Produktivitas', '', 'NAKER', NULL, NULL, '2016-10-03 16:26:53', '2016-10-03 16:26:53', 'admin', 'admin', NULL);
INSERT INTO `dir_department` (`id`, `name`, `description`, `organizationId`, `hod`, `parentId`, `dateCreated`, `dateModified`, `createdBy`, `modifiedBy`, `deleted`) VALUES ('01_barenbang', 'Pusat Perencanaan Ketenagakerjaan', '', 'NAKER', NULL, 'barenbang', '2016-09-29 03:38:26', '2016-10-03 09:48:44', 'admin', 'admin', NULL);
INSERT INTO `dir_department` (`id`, `name`, `description`, `organizationId`, `hod`, `parentId`, `dateCreated`, `dateModified`, `createdBy`, `modifiedBy`, `deleted`) VALUES ('02_barenbang', 'Pusat Data dan Informasi Ketenagakerjaan', '', 'NAKER', NULL, 'barenbang', '2016-09-29 03:39:08', '2016-10-03 09:49:01', 'admin', 'admin', NULL);
INSERT INTO `dir_department` (`id`, `name`, `description`, `organizationId`, `hod`, `parentId`, `dateCreated`, `dateModified`, `createdBy`, `modifiedBy`, `deleted`) VALUES ('03_barenbang', 'Pusat Penelitian dan Pengembangan Ketenagakerjaan', '', 'NAKER', NULL, 'barenbang', '2016-09-29 03:39:55', '2016-10-03 09:49:14', 'admin', 'admin', NULL);

#import employment
INSERT INTO `dir_employment` (`id`, `userId`, `startDate`, `endDate`, `employeeCode`, `role`, `gradeId`, `departmentId`, `organizationId`, `dateCreated`, `dateModified`, `createdBy`, `modifiedBy`, `deleted`) VALUES ('08ddf587-9c26-437b-8e1f-ffd94e763e9e', '05barenbang@smarta.id', NULL, NULL, NULL, NULL, NULL, '02_barenbang', 'NAKER', NULL, '2016-10-03 09:49:01', NULL, 'admin', NULL);
INSERT INTO `dir_employment` (`id`, `userId`, `startDate`, `endDate`, `employeeCode`, `role`, `gradeId`, `departmentId`, `organizationId`, `dateCreated`, `dateModified`, `createdBy`, `modifiedBy`, `deleted`) VALUES ('38e6b7c1-9e20-4f5e-9157-102cdcd66371', '07barenbang@smarta.id', NULL, NULL, NULL, NULL, NULL, '03_barenbang', 'NAKER', NULL, '2016-10-03 09:49:14', NULL, 'admin', NULL);
INSERT INTO `dir_employment` (`id`, `userId`, `startDate`, `endDate`, `employeeCode`, `role`, `gradeId`, `departmentId`, `organizationId`, `dateCreated`, `dateModified`, `createdBy`, `modifiedBy`, `deleted`) VALUES ('4d6e3821-e718-4b5e-b2f8-51c7f61ce301', '03barenbang@smarta.id', NULL, NULL, NULL, NULL, NULL, '01_barenbang', 'NAKER', NULL, '2016-10-03 09:48:44', NULL, 'admin', NULL);
INSERT INTO `dir_employment` (`id`, `userId`, `startDate`, `endDate`, `employeeCode`, `role`, `gradeId`, `departmentId`, `organizationId`, `dateCreated`, `dateModified`, `createdBy`, `modifiedBy`, `deleted`) VALUES ('5417a0e3-471b-4719-9ceb-f04549f88734', '04barenbang@smarta.id', NULL, NULL, NULL, NULL, NULL, '01_barenbang', 'NAKER', NULL, '2016-10-03 09:45:21', NULL, 'admin', NULL);
INSERT INTO `dir_employment` (`id`, `userId`, `startDate`, `endDate`, `employeeCode`, `role`, `gradeId`, `departmentId`, `organizationId`, `dateCreated`, `dateModified`, `createdBy`, `modifiedBy`, `deleted`) VALUES ('78364fda-a1df-4fa5-8c61-2f57011d8ad3', '01barenbang@smarta.id', NULL, NULL, NULL, NULL, NULL, 'barenbang', 'NAKER', NULL, '2016-10-03 09:48:25', NULL, 'admin', NULL);
INSERT INTO `dir_employment` (`id`, `userId`, `startDate`, `endDate`, `employeeCode`, `role`, `gradeId`, `departmentId`, `organizationId`, `dateCreated`, `dateModified`, `createdBy`, `modifiedBy`, `deleted`) VALUES ('c6e725dd-1400-4834-873c-f8abbcb3c9c8', '08barenbang@smarta.id', NULL, NULL, NULL, NULL, NULL, '03_barenbang', 'NAKER', NULL, '2016-10-03 09:47:10', NULL, 'admin', NULL);
INSERT INTO `dir_employment` (`id`, `userId`, `startDate`, `endDate`, `employeeCode`, `role`, `gradeId`, `departmentId`, `organizationId`, `dateCreated`, `dateModified`, `createdBy`, `modifiedBy`, `deleted`) VALUES ('c712c9a6-10b1-4b40-8283-2a4fb3b0893a', '02barenbang@smarta.id', NULL, NULL, NULL, NULL, NULL, 'barenbang', 'NAKER', NULL, '2016-10-03 09:45:01', NULL, 'admin', NULL);
INSERT INTO `dir_employment` (`id`, `userId`, `startDate`, `endDate`, `employeeCode`, `role`, `gradeId`, `departmentId`, `organizationId`, `dateCreated`, `dateModified`, `createdBy`, `modifiedBy`, `deleted`) VALUES ('da5e0b98-cf7e-4bb6-850f-d1ae1ef2bb3c', '01binalattas@smarta.id', NULL, NULL, NULL, NULL, NULL, 'binalattas', 'NAKER', NULL, '2016-10-03 16:28:49', NULL, 'admin', NULL);
INSERT INTO `dir_employment` (`id`, `userId`, `startDate`, `endDate`, `employeeCode`, `role`, `gradeId`, `departmentId`, `organizationId`, `dateCreated`, `dateModified`, `createdBy`, `modifiedBy`, `deleted`) VALUES ('e0d58cb3-22fa-4994-b016-ba648b7d1492', '02booth@smarta.id', NULL, NULL, NULL, NULL, NULL, NULL, 'NAKER', NULL, NULL, NULL, NULL, NULL);
INSERT INTO `dir_employment` (`id`, `userId`, `startDate`, `endDate`, `employeeCode`, `role`, `gradeId`, `departmentId`, `organizationId`, `dateCreated`, `dateModified`, `createdBy`, `modifiedBy`, `deleted`) VALUES ('f3571efd-7220-4da3-a73e-9d4e54b7b8f2', '06barenbang@smarta.id', NULL, NULL, NULL, NULL, NULL, '02_barenbang', 'NAKER', NULL, '2016-10-03 09:46:46', NULL, 'admin', NULL);
INSERT INTO `dir_employment` (`id`, `userId`, `startDate`, `endDate`, `employeeCode`, `role`, `gradeId`, `departmentId`, `organizationId`, `dateCreated`, `dateModified`, `createdBy`, `modifiedBy`, `deleted`) VALUES ('fe7da6a8-26d4-4151-ae2d-f4f95d2d4c5f', '01booth@smarta.id', NULL, NULL, NULL, NULL, NULL, NULL, 'NAKER', NULL, NULL, NULL, NULL, NULL);

#import user_role
INSERT INTO `dir_user_role` (`roleId`, `userId`) VALUES ('ROLE_USER', '01barenbang@smarta.id');
INSERT INTO `dir_user_role` (`roleId`, `userId`) VALUES ('ROLE_USER', '01binalattas@smarta.id');
INSERT INTO `dir_user_role` (`roleId`, `userId`) VALUES ('ROLE_USER', '01booth@smarta.id');
INSERT INTO `dir_user_role` (`roleId`, `userId`) VALUES ('ROLE_USER', '02barenbang@smarta.id');
INSERT INTO `dir_user_role` (`roleId`, `userId`) VALUES ('ROLE_USER', '02booth@smarta.id');
INSERT INTO `dir_user_role` (`roleId`, `userId`) VALUES ('ROLE_USER', '03barenbang@smarta.id');
INSERT INTO `dir_user_role` (`roleId`, `userId`) VALUES ('ROLE_USER', '04barenbang@smarta.id');
INSERT INTO `dir_user_role` (`roleId`, `userId`) VALUES ('ROLE_USER', '05barenbang@smarta.id');
INSERT INTO `dir_user_role` (`roleId`, `userId`) VALUES ('ROLE_USER', '06barenbang@smarta.id');
INSERT INTO `dir_user_role` (`roleId`, `userId`) VALUES ('ROLE_USER', '07barenbang@smarta.id');
INSERT INTO `dir_user_role` (`roleId`, `userId`) VALUES ('ROLE_USER', '08barenbang@smarta.id');

#import user group
INSERT INTO `dir_user_group` (`groupId`, `userId`) VALUES ('gp_booth', '01booth@smarta.id');
INSERT INTO `dir_user_group` (`groupId`, `userId`) VALUES ('gp_booth', '02booth@smarta.id');

#update department
UPDATE dir_department SET hod = "78364fda-a1df-4fa5-8c61-2f57011d8ad3" where id = "barenbang";
UPDATE dir_department SET hod = "4d6e3821-e718-4b5e-b2f8-51c7f61ce301" where id = "01_barenbang";
UPDATE dir_department SET hod = "08ddf587-9c26-437b-8e1f-ffd94e763e9e" where id = "02_barenbang";
UPDATE dir_department SET hod = "38e6b7c1-9e20-4f5e-9157-102cdcd66371" where id = "03_barenbang";

INSERT INTO `wf_setup` (`id`, `property`, `value`, `ordering`, `dateCreated`, `dateModified`, `createdBy`, `modifiedBy`, `deleted`) VALUES ('297e2db05793367201579339778c0001', 'css', '', NULL, NULL, '2016-10-05 12:03:19', NULL, 'admin', NULL);
INSERT INTO `wf_setup` (`id`, `property`, `value`, `ordering`, `dateCreated`, `dateModified`, `createdBy`, `modifiedBy`, `deleted`) VALUES ('297e2db0579336720157933977920002', 'emailFolder', 'INBOX', NULL, NULL, '2016-10-05 12:03:19', NULL, 'admin', NULL);
INSERT INTO `wf_setup` (`id`, `property`, `value`, `ordering`, `dateCreated`, `dateModified`, `createdBy`, `modifiedBy`, `deleted`) VALUES ('297e2db0579336720157933977970003', 'emailPassword', '3Nengtri', NULL, NULL, '2016-10-05 12:03:19', NULL, 'admin', NULL);
INSERT INTO `wf_setup` (`id`, `property`, `value`, `ordering`, `dateCreated`, `dateModified`, `createdBy`, `modifiedBy`, `deleted`) VALUES ('297e2db0579336720157933977c30004', 'masterLoginPassword', '%%%%zj/3+U8JwBtZv7j09Vxr4E8jblOiyXGF%%%%', NULL, NULL, '2016-10-05 12:03:19', NULL, 'admin', NULL);
INSERT INTO `wf_setup` (`id`, `property`, `value`, `ordering`, `dateCreated`, `dateModified`, `createdBy`, `modifiedBy`, `deleted`) VALUES ('297e2db0579336720157933977c80005', 'criticalWarningLevel', '', NULL, NULL, '2016-10-05 12:03:19', NULL, 'admin', NULL);
INSERT INTO `wf_setup` (`id`, `property`, `value`, `ordering`, `dateCreated`, `dateModified`, `createdBy`, `modifiedBy`, `deleted`) VALUES ('297e2db0579336720157933977cf0006', 'emailProtocol', 'imap', NULL, NULL, '2016-10-05 12:03:19', NULL, 'admin', NULL);
INSERT INTO `wf_setup` (`id`, `property`, `value`, `ordering`, `dateCreated`, `dateModified`, `createdBy`, `modifiedBy`, `deleted`) VALUES ('297e2db0579336720157933977d50007', 'systemTimeZone', '', NULL, NULL, '2016-10-05 12:03:19', NULL, 'admin', NULL);
INSERT INTO `wf_setup` (`id`, `property`, `value`, `ordering`, `dateCreated`, `dateModified`, `createdBy`, `modifiedBy`, `deleted`) VALUES ('297e2db0579336720157933977da0008', 'systemDateFormat', '', NULL, NULL, '2016-10-05 12:03:19', NULL, 'admin', NULL);
INSERT INTO `wf_setup` (`id`, `property`, `value`, `ordering`, `dateCreated`, `dateModified`, `createdBy`, `modifiedBy`, `deleted`) VALUES ('297e2db0579336720157933977e00009', 'mediumWarningLevel', '', NULL, NULL, '2016-10-05 12:03:19', NULL, 'admin', NULL);
INSERT INTO `wf_setup` (`id`, `property`, `value`, `ordering`, `dateCreated`, `dateModified`, `createdBy`, `modifiedBy`, `deleted`) VALUES ('297e2db0579336720157933977e5000a', 'masterLoginUsername', 'smarta', NULL, NULL, '2016-10-05 12:03:19', NULL, 'admin', NULL);
INSERT INTO `wf_setup` (`id`, `property`, `value`, `ordering`, `dateCreated`, `dateModified`, `createdBy`, `modifiedBy`, `deleted`) VALUES ('297e2db0579336720157933977ec000b', 'systemLocale', '', NULL, NULL, '2016-10-05 12:03:19', NULL, 'admin', NULL);
INSERT INTO `wf_setup` (`id`, `property`, `value`, `ordering`, `dateCreated`, `dateModified`, `createdBy`, `modifiedBy`, `deleted`) VALUES ('297e2db0579336720157933977f3000c', 'emailAccount', 'sflow@smarta.id', NULL, NULL, '2016-10-05 12:03:19', NULL, 'admin', NULL);
INSERT INTO `wf_setup` (`id`, `property`, `value`, `ordering`, `dateCreated`, `dateModified`, `createdBy`, `modifiedBy`, `deleted`) VALUES ('297e2db0579336720157933977f9000d', 'emailPort', '143', NULL, NULL, '2016-10-05 12:03:19', NULL, 'admin', NULL);
INSERT INTO `wf_setup` (`id`, `property`, `value`, `ordering`, `dateCreated`, `dateModified`, `createdBy`, `modifiedBy`, `deleted`) VALUES ('297e2db0579336720157933977fe000e', 'fileSizeLimit', '', NULL, NULL, '2016-10-05 12:03:19', NULL, 'admin', NULL);
INSERT INTO `wf_setup` (`id`, `property`, `value`, `ordering`, `dateCreated`, `dateModified`, `createdBy`, `modifiedBy`, `deleted`) VALUES ('297e2db057933672015793397805000f', 'customCss', '', NULL, NULL, '2016-10-05 12:03:19', NULL, 'admin', NULL);
INSERT INTO `wf_setup` (`id`, `property`, `value`, `ordering`, `dateCreated`, `dateModified`, `createdBy`, `modifiedBy`, `deleted`) VALUES ('297e2db05793367201579339780d0010', 'OWASP_CSRFTOKEN', 'WWZD-3NWY-W82O-11IC-4WAC-ULFN-ISMX-KPDX', NULL, NULL, '2016-10-05 12:03:19', NULL, 'admin', NULL);
INSERT INTO `wf_setup` (`id`, `property`, `value`, `ordering`, `dateCreated`, `dateModified`, `createdBy`, `modifiedBy`, `deleted`) VALUES ('297e2db0579336720157933978130011', 'userLocale', '', NULL, NULL, '2016-10-05 12:03:19', NULL, 'admin', NULL);
INSERT INTO `wf_setup` (`id`, `property`, `value`, `ordering`, `dateCreated`, `dateModified`, `createdBy`, `modifiedBy`, `deleted`) VALUES ('297e2db05793367201579339781b0012', 'performanceAnalyzerThreshold', '', NULL, NULL, '2016-10-05 12:03:19', NULL, 'admin', NULL);
INSERT INTO `wf_setup` (`id`, `property`, `value`, `ordering`, `dateCreated`, `dateModified`, `createdBy`, `modifiedBy`, `deleted`) VALUES ('297e2db0579336720157933978210013', 'jsonpWhitelist', '*', NULL, NULL, '2016-10-05 12:03:19', NULL, 'admin', NULL);
INSERT INTO `wf_setup` (`id`, `property`, `value`, `ordering`, `dateCreated`, `dateModified`, `createdBy`, `modifiedBy`, `deleted`) VALUES ('297e2db0579336720157933978280014', 'landingPage', '', NULL, NULL, '2016-10-05 12:03:19', NULL, 'admin', NULL);
INSERT INTO `wf_setup` (`id`, `property`, `value`, `ordering`, `dateCreated`, `dateModified`, `createdBy`, `modifiedBy`, `deleted`) VALUES ('297e2db05793367201579339782f0015', 'dataFileBasePath', '', NULL, NULL, '2016-10-05 12:03:19', NULL, 'admin', NULL);
INSERT INTO `wf_setup` (`id`, `property`, `value`, `ordering`, `dateCreated`, `dateModified`, `createdBy`, `modifiedBy`, `deleted`) VALUES ('297e2db0579336720157933978360016', 'designerwebBaseUrl', '', NULL, NULL, '2016-10-05 12:03:19', NULL, 'admin', NULL);
INSERT INTO `wf_setup` (`id`, `property`, `value`, `ordering`, `dateCreated`, `dateModified`, `createdBy`, `modifiedBy`, `deleted`) VALUES ('297e2db05793367201579339783c0017', 'emailHost', 'mail.smarta.id', NULL, NULL, '2016-10-05 12:03:19', NULL, 'admin', NULL);
INSERT INTO `wf_setup` (`id`, `property`, `value`, `ordering`, `dateCreated`, `dateModified`, `createdBy`, `modifiedBy`, `deleted`) VALUES ('297e2db0579336720157933978430018', 'deadlineCheckerInterval', '60', NULL, NULL, '2016-10-05 12:03:19', NULL, 'admin', NULL);
INSERT INTO `wf_setup` (`id`, `property`, `value`, `ordering`, `dateCreated`, `dateModified`, `createdBy`, `modifiedBy`, `deleted`) VALUES ('297e2db0579336720157933978490019', 'deleteProcessOnCompletion', 'false', NULL, NULL, '2016-10-05 12:03:19', NULL, 'admin', NULL);
INSERT INTO `wf_setup` (`id`, `property`, `value`, `ordering`, `dateCreated`, `dateModified`, `createdBy`, `modifiedBy`, `deleted`) VALUES ('297e2db057933672015793397850001a', 'enableNtlm', 'false', NULL, NULL, '2016-10-05 12:03:19', NULL, 'admin', NULL);
INSERT INTO `wf_setup` (`id`, `property`, `value`, `ordering`, `dateCreated`, `dateModified`, `createdBy`, `modifiedBy`, `deleted`) VALUES ('297e2db057933672015793397856001b', 'rightToLeft', 'false', NULL, NULL, '2016-10-05 12:03:19', NULL, 'admin', NULL);
INSERT INTO `wf_setup` (`id`, `property`, `value`, `ordering`, `dateCreated`, `dateModified`, `createdBy`, `modifiedBy`, `deleted`) VALUES ('297e2db05793367201579339785c001c', 'enableUserLocale', 'false', NULL, NULL, '2016-10-05 12:03:19', NULL, 'admin', NULL);
INSERT INTO `wf_setup` (`id`, `property`, `value`, `ordering`, `dateCreated`, `dateModified`, `createdBy`, `modifiedBy`, `deleted`) VALUES ('297e2db057933672015793397861001d', 'dateFormatFollowLocale', 'false', NULL, NULL, '2016-10-05 12:03:19', NULL, 'admin', NULL);
INSERT INTO `wf_setup` (`id`, `property`, `value`, `ordering`, `dateCreated`, `dateModified`, `createdBy`, `modifiedBy`, `deleted`) VALUES ('297e2db057933672015793397867001e', 'disableAdminBar', 'false', NULL, NULL, '2016-10-05 12:03:19', NULL, 'admin', NULL);
INSERT INTO `wf_setup` (`id`, `property`, `value`, `ordering`, `dateCreated`, `dateModified`, `createdBy`, `modifiedBy`, `deleted`) VALUES ('297e2db05793367201579339786d001f', 'disableWebConsole', 'false', NULL, NULL, '2016-10-05 12:03:19', NULL, 'admin', NULL);
INSERT INTO `wf_setup` (`id`, `property`, `value`, `ordering`, `dateCreated`, `dateModified`, `createdBy`, `modifiedBy`, `deleted`) VALUES ('297e2db0579336720157933978730020', 'disablePerformanceAnalyzer', 'false', NULL, NULL, '2016-10-05 12:03:19', NULL, 'admin', NULL);
INSERT INTO `wf_setup` (`id`, `property`, `value`, `ordering`, `dateCreated`, `dateModified`, `createdBy`, `modifiedBy`, `deleted`) VALUES ('297e2db0579336720157933978790021', 'disableListRenderHtml', 'false', NULL, NULL, '2016-10-05 12:03:19', NULL, 'admin', NULL);

commit;