INSERT INTO dir_organization (id, name, description, parentId) VALUES ('ORG-001','SFlow Workflow','',NULL);
INSERT INTO dir_grade (id, name, description, organizationId) VALUES ('G-001','Board Members','','ORG-001');
INSERT INTO dir_grade (id, name, description, organizationId) VALUES ('G-002','Managers','','ORG-001');
INSERT INTO dir_grade (id, name, description, organizationId) VALUES ('G-003','Executives','','ORG-001');
INSERT INTO dir_group (id, name, description, organizationId) VALUES ('G-001','Managers','',NULL);
INSERT INTO dir_group (id, name, description, organizationId) VALUES ('G-002','CxO','',NULL);
INSERT INTO dir_group (id, name, description, organizationId) VALUES ('G-003','hrAdmin','',NULL);
INSERT INTO dir_user (id, username, password, firstName, lastName, email, active, timeZone, locale) VALUES ('yonathan','yonathan','3F3E6296C5974ED9C4AFF2BBB89256D0','Yonathan','Huang','',1,'0',NULL);
INSERT INTO dir_user (id, username, password, firstName, lastName, email, active, timeZone, locale) VALUES ('aristo','aristo','3F3E6296C5974ED9C4AFF2BBB89256D0','Aristo','Hadisoeganda','',1,'0',NULL);
INSERT INTO dir_user (id, username, password, firstName, lastName, email, active, timeZone, locale) VALUES ('ardi','ardi','3F3E6296C5974ED9C4AFF2BBB89256D0','Ardi','Priasa','',1,'0',NULL);
INSERT INTO dir_user (id, username, password, firstName, lastName, email, active, timeZone, locale) VALUES ('irma','irma','3F3E6296C5974ED9C4AFF2BBB89256D0','Putri','Irma','',1,'0',NULL);
INSERT INTO dir_user (id, username, password, firstName, lastName, email, active, timeZone, locale) VALUES ('yudha','yudha','3F3E6296C5974ED9C4AFF2BBB89256D0','Pri Desta','Yudha','',1,'0',NULL);
INSERT INTO dir_user (id, username, password, firstName, lastName, email, active, timeZone, locale) VALUES ('fahmi','fahmi','3F3E6296C5974ED9C4AFF2BBB89256D0','Fahmi','Hakim','',1,'0',NULL);
INSERT INTO dir_user (id, username, password, firstName, lastName, email, active, timeZone, locale) VALUES ('dhamar','dhamar','3F3E6296C5974ED9C4AFF2BBB89256D0','Dhamar','Wulan','',1,'0',NULL);
INSERT INTO dir_user (id, username, password, firstName, lastName, email, active, timeZone, locale) VALUES ('susi','susi','3F3E6296C5974ED9C4AFF2BBB89256D0','Susi','Susanti','',1,'0',NULL);
INSERT INTO dir_user (id, username, password, firstName, lastName, email, active, timeZone, locale) VALUES ('hana','hana','3F3E6296C5974ED9C4AFF2BBB89256D0','Hana','Wijaya','',1,'0',NULL);
INSERT INTO dir_user (id, username, password, firstName, lastName, email, active, timeZone, locale) VALUES ('sultan','sultan','3F3E6296C5974ED9C4AFF2BBB89256D0','Sultan','Hadikusuma','',1,'0',NULL);
INSERT INTO dir_user (id, username, password, firstName, lastName, email, active, timeZone, locale) VALUES ('putri','putri','3F3E6296C5974ED9C4AFF2BBB89256D0','Putri','Nusantara','',1,'0',NULL);
INSERT INTO dir_user_salt (id, userid, randomSalt) VALUES ('c2745531-f0eb-40e1-b2cc-aaf175c358bf','yonathan','C2117FD9E043CD845C5D1A533FB2E580');
INSERT INTO dir_user_salt (id, userid, randomSalt) VALUES ('1fb0427c-a092-4f1e-bf48-901ba4a7f74e','aristo','C2117FD9E043CD845C5D1A533FB2E580');
INSERT INTO dir_user_salt (id, userid, randomSalt) VALUES ('4c20daeb-31e9-4ab3-885f-10883f2c27e0','ardi','C2117FD9E043CD845C5D1A533FB2E580');
INSERT INTO dir_user_salt (id, userid, randomSalt) VALUES ('ec09b4c3-8301-4ade-88ce-1216840fd310','irma','C2117FD9E043CD845C5D1A533FB2E580');
INSERT INTO dir_user_salt (id, userid, randomSalt) VALUES ('f867298c-8bf2-4297-a7bb-8be10cf76e15','yudha','C2117FD9E043CD845C5D1A533FB2E580');
INSERT INTO dir_user_salt (id, userid, randomSalt) VALUES ('3fed8e65-2509-4af3-914b-ec354bada662','fahmi','C2117FD9E043CD845C5D1A533FB2E580');
INSERT INTO dir_user_salt (id, userid, randomSalt) VALUES ('48361417-e909-400f-8307-53062e20989a','dhamar','C2117FD9E043CD845C5D1A533FB2E580');
INSERT INTO dir_user_salt (id, userid, randomSalt) VALUES ('c0a1c091-2c4d-4a06-b27a-4a4ca84157c1','susi','C2117FD9E043CD845C5D1A533FB2E580');
INSERT INTO dir_user_salt (id, userid, randomSalt) VALUES ('1e5f7d29-f57f-4c64-b8d7-d2c8e5ecdd24','hana','C2117FD9E043CD845C5D1A533FB2E580');
INSERT INTO dir_user_salt (id, userid, randomSalt) VALUES ('02c24e10-9e61-4843-8959-d733f5b87f10','sultan','C2117FD9E043CD845C5D1A533FB2E580');
INSERT INTO dir_user_salt (id, userid, randomSalt) VALUES ('2cba4b08-0f52-44bf-83f3-666451d22fe8','putri','C2117FD9E043CD845C5D1A533FB2E580');
INSERT INTO dir_user_group (groupId, userId) VALUES ('G-001','aristo');
INSERT INTO dir_user_group (groupId, userId) VALUES ('G-001','ardi');
INSERT INTO dir_user_group (groupId, userId) VALUES ('G-001','yudha');
INSERT INTO dir_user_group (groupId, userId) VALUES ('G-001','dhamar');
INSERT INTO dir_user_group (groupId, userId) VALUES ('G-001','susi');
INSERT INTO dir_user_group (groupId, userId) VALUES ('G-001','putri');
INSERT INTO dir_user_group (groupId, userId) VALUES ('G-002','sultan');
INSERT INTO dir_user_group (groupId, userId) VALUES ('G-003','fahmi');
INSERT INTO dir_user_group (groupId, userId) VALUES ('G-003','susi');
INSERT INTO dir_user_role (roleId, userId) VALUES ('ROLE_USER','yonathan');
INSERT INTO dir_user_role (roleId, userId) VALUES ('ROLE_USER','aristo');
INSERT INTO dir_user_role (roleId, userId) VALUES ('ROLE_USER','ardi');
INSERT INTO dir_user_role (roleId, userId) VALUES ('ROLE_USER','irma');
INSERT INTO dir_user_role (roleId, userId) VALUES ('ROLE_USER','yudha');
INSERT INTO dir_user_role (roleId, userId) VALUES ('ROLE_USER','fahmi');
INSERT INTO dir_user_role (roleId, userId) VALUES ('ROLE_USER','dhamar');
INSERT INTO dir_user_role (roleId, userId) VALUES ('ROLE_USER','susi');
INSERT INTO dir_user_role (roleId, userId) VALUES ('ROLE_USER','hana');
INSERT INTO dir_user_role (roleId, userId) VALUES ('ROLE_USER','sultan');
INSERT INTO dir_user_role (roleId, userId) VALUES ('ROLE_USER','putri');
INSERT INTO dir_department (id, name, description, organizationId, hod, parentId) VALUES ('D-001','CEO Office','','ORG-001',NULL,NULL);
INSERT INTO dir_department (id, name, description, organizationId, hod, parentId) VALUES ('D-002','Human Resource and Admin','','ORG-001',NULL,NULL);
INSERT INTO dir_department (id, name, description, organizationId, hod, parentId) VALUES ('D-003','Finance','','ORG-001',NULL,NULL);
INSERT INTO dir_department (id, name, description, organizationId, hod, parentId) VALUES ('D-004','Marketing','','ORG-001',NULL,NULL);
INSERT INTO dir_department (id, name, description, organizationId, hod, parentId) VALUES ('D-005','Product Development','','ORG-001',NULL,NULL);
INSERT INTO dir_department (id, name, description, organizationId, hod, parentId) VALUES ('D-006','Training and Consulting','','ORG-001',NULL,NULL);
INSERT INTO dir_department (id, name, description, organizationId, hod, parentId) VALUES ('D-007','Support and Services','','ORG-001',NULL,NULL);
INSERT INTO dir_employment (id, userId, startDate, endDate, employeeCode, role, gradeId, departmentId, organizationId) VALUES ('4028808127f4ef840127f5efdbfb004f','sultan',NULL,NULL,NULL,NULL,'G-001','D-001','ORG-001');
INSERT INTO dir_employment (id, userId, startDate, endDate, employeeCode, role, gradeId, departmentId, organizationId) VALUES ('4028808127f4ef840127f5f04dc2005a','aristo',NULL,NULL,NULL,NULL,'G-002','D-005','ORG-001');
INSERT INTO dir_employment (id, userId, startDate, endDate, employeeCode, role, gradeId, departmentId, organizationId) VALUES ('4028808127f4ef840127f5f11cf60068','yonathan',NULL,NULL,NULL,NULL,'G-003','D-005','ORG-001');
INSERT INTO dir_employment (id, userId, startDate, endDate, employeeCode, role, gradeId, departmentId, organizationId) VALUES ('4028808127f4ef840127f5f194e20071','hana',NULL,NULL,NULL,NULL,'G-003','D-005','ORG-001');
INSERT INTO dir_employment (id, userId, startDate, endDate, employeeCode, role, gradeId, departmentId, organizationId) VALUES ('4028808127f4ef840127f5f20f36007a','dhamar',NULL,NULL,NULL,NULL,'G-002','D-004','ORG-001');
INSERT INTO dir_employment (id, userId, startDate, endDate, employeeCode, role, gradeId, departmentId, organizationId) VALUES ('4028808127f4ef840127f5f319720088','irma',NULL,NULL,NULL,NULL,'G-003','D-004','ORG-001');
INSERT INTO dir_employment (id, userId, startDate, endDate, employeeCode, role, gradeId, departmentId, organizationId) VALUES ('4028808127f4ef840127f5f41d4b0091','susi',NULL,NULL,NULL,NULL,'G-002','D-002','ORG-001');
INSERT INTO dir_employment (id, userId, startDate, endDate, employeeCode, role, gradeId, departmentId, organizationId) VALUES ('4028808127f4ef840127f5f7c5b500a5','yudha',NULL,NULL,NULL,NULL,'G-002','D-006','ORG-001');
INSERT INTO dir_employment (id, userId, startDate, endDate, employeeCode, role, gradeId, departmentId, organizationId) VALUES ('4028808127f4ef840127f606242400b3','putri',NULL,NULL,NULL,NULL,'G-002','D-003','ORG-001');
INSERT INTO dir_employment (id, userId, startDate, endDate, employeeCode, role, gradeId, departmentId, organizationId) VALUES ('4028808127fb4d350127ff78d63300d1','ardi',NULL,NULL,NULL,NULL,'G-002','D-007','ORG-001');
INSERT INTO dir_employment (id, userId, startDate, endDate, employeeCode, role, gradeId, departmentId, organizationId) VALUES ('4028808127fb4d350127ff84074600f2','fahmi',NULL,NULL,NULL,NULL,'G-003','D-002','ORG-001');
INSERT INTO dir_employment_report_to (id, employmentId, reportToId) VALUES ('4028808127f4ef840127f5f04e9b005f','4028808127f4ef840127f5f04dc2005a','4028808127f4ef840127f5efdbfb004f');
INSERT INTO dir_employment_report_to (id, employmentId, reportToId) VALUES ('4028808127f4ef840127f5f20fb7007f','4028808127f4ef840127f5f20f36007a','4028808127f4ef840127f5efdbfb004f');
INSERT INTO dir_employment_report_to (id, employmentId, reportToId) VALUES ('4028808127f4ef840127f5f48eda009e','4028808127f4ef840127f5f41d4b0091','4028808127f4ef840127f5efdbfb004f');
INSERT INTO dir_employment_report_to (id, employmentId, reportToId) VALUES ('4028808127f4ef840127f5f7c60b00aa','4028808127f4ef840127f5f7c5b500a5','4028808127f4ef840127f5efdbfb004f');
INSERT INTO dir_employment_report_to (id, employmentId, reportToId) VALUES ('4028808127f4ef840127f60624c100b8','4028808127f4ef840127f606242400b3','4028808127f4ef840127f5efdbfb004f');
INSERT INTO dir_employment_report_to (id, employmentId, reportToId) VALUES ('4028808127fb4d350127ff78d6fe00d6','4028808127fb4d350127ff78d63300d1','4028808127f4ef840127f5efdbfb004f');
UPDATE dir_department SET hod='4028808127f4ef840127f5efdbfb004f' WHERE id='D-001';
UPDATE dir_department SET hod='4028808127f4ef840127f5f41d4b0091' WHERE id='D-002';
UPDATE dir_department SET hod='4028808127f4ef840127f606242400b3' WHERE id='D-003';
UPDATE dir_department SET hod='4028808127f4ef840127f5f20f36007a' WHERE id='D-004';
UPDATE dir_department SET hod='4028808127f4ef840127f5f04dc2005a' WHERE id='D-005';
UPDATE dir_department SET hod='4028808127f4ef840127f5f7c5b500a5' WHERE id='D-006';
UPDATE dir_department SET hod='4028808127fb4d350127ff78d63300d1' WHERE id='D-007';
